Country	Number groups	Revenue	P/L before tax	Income tax paid	Income tax accrued	capital	accum_earnings	Number employees	Tangible assets	ISO2	Income tax as % of pretax profits	Sales share %	Employment share %	Profit total (M)	Sales total (M)	Employment (th)	Subject Descriptor	Units	Scale	Country/Series-specific Notes	GDP_USD	Estimates Start After	Reg	Inc	Year	ISO	TotTax (X)	CIT (AK)	CITnr (AM)	TTxsc (Y)	GDP_LCU	number_datapoints	CIT
All jurisdictions	1101.0	16265102689056.0	1420512512505.0	262829548768.0	263123782157.0	22375636250582.0	11263467499021.0	27553900.0	6216011124153.0	World	18.50244517061759																						
United States	1017.0	10518611804865.0	867852046303.0	176579355389.0	185540113249.0	11807553304223.0	7383423717579.0	16377437.0	4223574794406.0	US	20.346711878046253						Gross domestic product, current prices	U.S. dollars	Dollars	See notes for:  Gross domestic product, current prices (National currency).	18624450000000.0	2017.0	North America	High Income	1980.0	USA	0.27011274287415193	0.019093012717213916	0.019093012717213916	0.20784717686062384	2857330.0	5.0	0.4000000060000001
Stateless entities and other country	453.0	644971468306.0	120847250430.0	703005166.0	824776627.0	1618818933438.0	661979718734.0	482627.0	385980718429.0	Stateless	0.5817303773967214													Tax haven									0.35
Africa, total	466.0	77964022680.0	5300802387.0	4273874306.0	3988004016.0	51048611587.0	28228660179.0	241684.0	82936585323.0	Africa	80.62693143365429																						
Algeria	33.0	2502085411.0	1219730603.0	715789440.0	649633022.0	884820957.0	1402442193.0	4133.0	1615036122.0	DZ	58.68422406058135						Gross domestic product, current prices	U.S. dollars	Dollars	See notes for:  Gross domestic product, current prices (National currency).	159049000000.0	2016.0	Middle East & North Africa	Upper-Middle Income	1980.0	DZA	0.1432174722089265			0.1432174722089265	162500.0	3.0	0.25
Angola	31.0	5987970691.0	-477367266.0	495422226.0	498517108.0	3154368161.0	-1727795212.0	10297.0	17038207917.0	AO	-103.78219481852786						Gross domestic product, current prices	U.S. dollars	Dollars	See notes for:  Gross domestic product, current prices (National currency).	95337000000.0	2015.0	Sub - Saharan Africa	Lower-Middle Income	1980.0	AGO	0.1662693771190832			0.15807682247326316	0.000161254	3.0	0.32000000479999996
Botswana	20.0	276754742.0	12152580.0	4017169.0	3470990.0	20169548.0	36714926.0	1310.0	42759061.0	BW	33.05610002155921						Gross domestic product, current prices	U.S. dollars	Dollars	See notes for:  Gross domestic product, current prices (National currency).	15660000000.0	2015.0	Sub - Saharan Africa	Upper-Middle Income	1980.0	BWA	0.23153546323749874			0.23153546323749874	879.0	3.0	0.21999999899999997
Cameroon	13.0	86250356.0	-34590586.0	8724124.0	5750930.0	32048346.0	5901016.0	575.0	28962338.0	CM	-25.22109339228887						Gross domestic product, current prices	U.S. dollars	Dollars	See notes for:  Gross domestic product, current prices (National currency).	32230000000.0	2016.0	Sub - Saharan Africa	Lower-Middle Income	1980.0	CMR	0.13376192369644824	0.023819514351113787		0.13145357149503434	1713950.0	4.0	0.330000013
Congo (Brazzaville)	15.0	507627605.0	-429416667.0	45717068.0	38070890.0	159832636.0	-235530161.0	936.0	3607467348.0	CG	-10.646318951565052						Gross domestic product, current prices	U.S. dollars	Dollars	See notes for:  Gross domestic product, current prices (National currency).	7787000000.0	2015.0	Sub - Saharan Africa	Lower-Middle Income	1980.0	COG	0.17503683161452466			0.17503683161452466	440143.0	3.0	0.325000003
Cote D'Ivoire (Ivory Coast)	19.0	1195210848.0	-51869522.0	9869963.0	13141456.0	653170132.0	-317366403.0	1068.0	199283228.0	CI	-19.028444102492408						Gross domestic product, current prices	U.S. dollars	Dollars	See notes for:  Gross domestic product, current prices (National currency).	36375000000.0	2015.0	Sub - Saharan Africa	Lower-Middle Income	1980.0	CIV	0.16470285497589252			0.16470285497589252	2121148.0	3.0	0.25
Egypt	138.0	10302447024.0	430613663.0	515920549.0	475988503.0	1432994190.0	10075866816.0	34226.0	5294260864.0	EG	119.81053861730345						Gross domestic product, current prices	U.S. dollars	Dollars	See notes for:  Gross domestic product, current prices (National currency).	332484000000.0	2017.0	Middle East & North Africa	Lower-Middle Income	1980.0	EGY		0.033400576368876084	0.014736599423631125	0.13314121037463975	16466.0	4.0	0.23499999640000002
Equatorial Guinea	16.0	2449913229.0	439637664.0	215212798.0	274883103.0	3148121644.0	739535767.0	1728.0	3405425658.0	GQ	48.95231132881281						Gross domestic product, current prices	U.S. dollars	Dollars	See notes for:  Gross domestic product, current prices (National currency).	10178000000.0	2016.0	Sub - Saharan Africa	Upper-Middle Income	1980.0	GNQ	0.0592532722908732	0.030264849697572187		0.0592532722908732	7343.0	4.0	0.349999994
Gabon	19.0	182097413.0	-127245247.0	20691878.0	12269419.0	238273368.0	-269053037.0	658.0	206859778.0	GA	-16.261415249561345						Gross domestic product, current prices	U.S. dollars	Dollars	See notes for:  Gross domestic product, current prices (National currency).	14020000000.0	2016.0	Sub - Saharan Africa	Upper-Middle Income	1980.0	GAB					963205.0	1.0	0.325000003
Ghana	59.0	2027678093.0	-5242612.0	45327056.0	28270182.0	966095239.0	1272009417.0	5464.0	3787472825.0	GH	-864.5891780662006						Gross domestic product, current prices	U.S. dollars	Dollars	See notes for:  Gross domestic product, current prices (National currency).	42787000000.0	2016.0	Sub - Saharan Africa	Lower-Middle Income	1980.0	GHA	0.12377315566053088	0.019683257624013725		0.12377315566053088	11.0	4.0	0.25
Kenya	76.0	1053650130.0	19275331.0	50381624.0	35955687.0	420150818.0	-333907837.0	3294.0	280751338.0	KE	261.37877476656564						Gross domestic product, current prices	U.S. dollars	Dollars	See notes for:  Gross domestic product, current prices (National currency).	70527000000.0	2016.0	Sub - Saharan Africa	Lower-Middle Income	1980.0	KEN	0.15581335518074638	0.035183495638258434	0.035183495638258434	0.15575419832881146	74940.0	5.0	0.300000012
Libya	21.0	72873033.0	-166554664.0	15264700.0	-44801222.0	1520368243.0	-828991479.0	126.0	1852368936.0	LY	-9.164979012536088						Gross domestic product, current prices	U.S. dollars	Dollars	See notes for:  Gross domestic product, current prices (National currency).	18539000000.0	2016.0	Middle East & North Africa	Upper-Middle Income	1980.0	LBY	0.011925228815327892			0.011925228815327892	11529.0	3.0	0.20000000300000004
Mauritius	182.0	3705440643.0	2507667354.0	150205883.0	130050862.0	20676507580.0	10197706517.0	3321.0	47389028.0	MU	5.989864754605726						Gross domestic product, current prices	U.S. dollars	Dollars	See notes for:  Gross domestic product, current prices (National currency).	12150000000.0	2016.0	Sub - Saharan Africa	Tax haven	1980.0	MUS	0.1869520072573858	0.02597138578907676	0.02597138578907676	0.1839419409135125	9414.0	5.0	0.150000006
Morocco	112.0	2772423296.0	193907426.0	41007322.0	38978272.0	711053152.0	382979867.0	27322.0	678185844.0	MA	21.147886311481443						Gross domestic product, current prices	U.S. dollars	Dollars	See notes for:  Gross domestic product, current prices (National currency).	103607000000.0	2016.0	Middle East & North Africa	Lower-Middle Income	1980.0	MAR	0.22349089356429672	0.04546631785270285	0.04546631785270285	0.22349089356429672	86600.0	5.0	0.306000006
Mozambique	26.0	380520518.0	-113204834.0	5799439.0	-956872.0	34417441.0	457652775.0	5450.0	291917778.0	MZ	-5.122960561913813						Gross domestic product, current prices	U.S. dollars	Dollars	See notes for:  Gross domestic product, current prices (National currency).	11272000000.0	2016.0	Sub - Saharan Africa	Low Income	1980.0	MOZ	0.20883470236082655			0.20883470236082655	188.0	3.0	0.319999993
Namibia	22.0	72571786.0	3681039.0	6055148.0	2397022.0	32641760.0	-13785429.0	499.0	15412139.0	NA	164.4956220241079						Gross domestic product, current prices	U.S. dollars	Dollars	See notes for:  Gross domestic product, current prices (National currency).	10945000000.0	2016.0	Sub - Saharan Africa	Upper-Middle Income	1980.0	NAM	0.2871081273277327	0.04645220388829294	0.03674352453385081	0.2871081273277327	1689.0	5.0	0.3260000049999999
Nigeria	101.0	10721920720.0	836401154.0	1485673354.0	1403826132.0	3969506618.0	4342529082.0	10510.0	32013919637.0	NG	177.62688954874397						Gross domestic product, current prices	U.S. dollars	Dollars	See notes for:  Gross domestic product, current prices (National currency).	405442000000.0	2017.0	Sub - Saharan Africa	Lower-Middle Income	1980.0	NGA		0.010496152063655768	0.010496152063655768		49012.0	3.0	0.300000012
Senegal	21.0	135205615.0	67678367.0	1489415.0	2014471.0	44568671.0	-4345628.0	419.0	26835616.0	SN	2.2007253809773517						Gross domestic product, current prices	U.S. dollars	Dollars	See notes for:  Gross domestic product, current prices (National currency).	14715000000.0	2016.0	Sub - Saharan Africa	Lower-Middle Income	1980.0	SEN	0.15920231467656384	0.014708914579867184	0.014708914579867184	0.15920231467656384	937036.0	5.0	0.300000012
South Africa	332.0	29047941327.0	1112087653.0	369538506.0	313323851.0	11999501483.0	3024271316.0	102349.0	6592854411.0	ZA	33.22926075144546						Gross domestic product, current prices	U.S. dollars	Dollars	See notes for:  Gross domestic product, current prices (National currency).	295678000000.0	2017.0	Sub - Saharan Africa	Upper-Middle Income	1980.0	ZAF	0.2915062052022465	0.053464190209814806	0.053464190209814806	0.2859808015345326	64628.0	5.0	0.280000001
Tanzania	31.0	288442985.0	-36826241.0	9007302.0	5999112.0	83725141.0	30194890.0	2823.0	669172298.0	TZ	-24.458923190124132						Gross domestic product, current prices	U.S. dollars	Dollars	See notes for:  Gross domestic product, current prices (National currency).	47653000000.0	2016.0	Sub - Saharan Africa	Low Income	1980.0	TZA	0.11826672685812376	0.01220380165428338		0.11826672685812376	72757.0	4.0	0.300000012
Tunisia	47.0	545039004.0	25517038.0	5966963.0	9753283.0	227512155.0	-53168357.0	6849.0	78225104.0	TN	23.384230567826876						Gross domestic product, current prices	U.S. dollars	Dollars	See notes for:  Gross domestic product, current prices (National currency).	42074000000.0	2017.0	Middle East & North Africa	Lower-Middle Income	1980.0	TUN	0.2961493235343244	0.016142475363287122	0.012288781248260121	0.20244518679360834	3874.0	5.0	0.2600000024
Uganda	22.0	161252688.0	3140810.0	7212844.0	4343081.0	170675888.0	-32062641.0	499.0	133218064.0	UG	229.64916693464423						Gross domestic product, current prices	U.S. dollars	Dollars	See notes for:  Gross domestic product, current prices (National currency).	25307000000.0	2016.0	Sub - Saharan Africa	Low Income	1980.0	UGA	0.12676283303332275			0.12676283303332275	1731.0	3.0	0.300000012
Zambia	24.0	523769287.0	-50771214.0	12669905.0	14524143.0	124036778.0	-196271452.0	2514.0	108339455.0	ZM	-24.954898655761905						Gross domestic product, current prices	U.S. dollars	Dollars	See notes for:  Gross domestic product, current prices (National currency).	20941000000.0	2016.0	Sub - Saharan Africa	Lower-Middle Income	1980.0	ZMB	0.12970041370119112			0.12970041370119112	3064.0	3.0	0.349999994
Zimbabwe	19.0	314531559.0	45277106.0	4994310.0	6503421.0	23418016.0	201145335.0	2714.0	153758451.0	ZW	11.030541572157905						Gross domestic product, current prices	U.S. dollars	Dollars	See notes for:  Gross domestic product, current prices (National currency).	16117000000.0	2013.0	Sub - Saharan Africa	Lower-Middle Income	1980.0	ZWE	0.1358328081496465	0.017664210668780524	0.017664210668780524	0.13131033173372694	3400000.0	5.0	0.2559999944
Africa, other countries	60.0	2650404677.0	-122876548.0	31915320.0	66097170.0	320633621.0	71987898.0	12600.0	4768502085.0	Africa_other	-25.973483564984264													Low Income									
Americas, total	1035.0	1073532616197.0	149814295551.0	17147638333.0	15393565207.0	1730228258950.0	919611941152.0	2965312.0	394380505494.0	Americas	11.44592928861223																						
Argentina	343.0	33395306816.0	2478635928.0	1349979368.0	1049283330.0	13701763791.0	3408188178.0	104461.0	10002756141.0	AR	54.46460905169289						Gross domestic product, current prices	U.S. dollars	Dollars	See notes for:  Gross domestic product, current prices (National currency).	554107000000.0	2017.0	Latin America & The Caribbean	Upper-Middle Income	1980.0	ARG	0.30086375735336945	0.027911464398512692	0.027911464398512692	0.2319542275180887	0.0045969999999999995	5.0	0.349999994
Aruba	28.0	611512932.0	176188233.0	18581628.0	13805015.0	1606215229.0	-1114324735.0	805.0	125946296.0	AW	10.546463678990412												Latin America & The Caribbean	Tax haven	1980.0	ABW				0.22541156606162935	881.64	2.0	0.2620000004
Bahamas	62.0	16759006160.0	21809647343.0	32313612.0	35136614.0	105580752364.0	41451146550.0	2839.0	2470306172.0	BS	0.14816201056259326						Gross domestic product, current prices	U.S. dollars	Dollars	See notes for:  Gross domestic product, current prices (National currency).	11262000000.0	2016.0	Latin America & The Caribbean	Tax haven	1980.0	BHS	0.15101100600230224	0.0		0.15101100600230224	2598.0	4.0	0.0
Barbados	129.0	8677786619.0	1276913415.0	21286838.0	8676103.0	71614350298.0	2775352141.0	403.0	5465857765.0	BB	1.66705414399613						Gross domestic product, current prices	U.S. dollars	Dollars	See notes for:  Gross domestic product, current prices (National currency).	4764000000.0	2015.0	Latin America & The Caribbean	Tax haven	1980.0	BRB	0.2806613216715257	0.02731146744412051	0.02731146744412051	0.2806613216715257	2036.0	5.0	0.25
Bermuda	229.0	76159489311.0	24900464463.0	477215982.0	500283411.0	446019018187.0	478127375911.0	551.0	11864002163.0	BM	1.9164942995706082													Tax haven									0.0
Bolivia	51.0	752227081.0	17050125.0	9268278.0	13953928.0	315420558.0	291336223.0	2925.0	300862547.0	BO	54.35900323311413						Gross domestic product, current prices	U.S. dollars	Dollars	See notes for:  Gross domestic product, current prices (National currency).	34053000000.0	2016.0	Latin America & The Caribbean	Lower-Middle Income	1980.0	BOL	0.3161280034020837	0.05453965553901765		0.3161280034020837	0.111259201905881	4.0	0.25
Brazil	612.0	141564705987.0	367614245.0	2378927829.0	2332561026.0	147679731918.0	-597268248.0	532715.0	57082514840.0	BR	647.1261278245623						Gross domestic product, current prices	U.S. dollars	Dollars	See notes for:  Gross domestic product, current prices (National currency).	1793066000000.0	2017.0	Latin America & The Caribbean	Upper-Middle Income	1980.0	BRA	0.3424478543456633	0.02815883509974086	0.02815883509974086	0.23107156904667325	4.50290679931641e-06	5.0	0.34000000399999997
British Virgin Islands	124.0	4766717876.0	2289784140.0	17579351.0	-4125779.0	46560495661.0	2974321297.0	456.0	831081732.0	VG	0.7677296166441261													Tax haven									0.0
Canada	894.0	360772579170.0	17594992569.0	4807100894.0	4340521629.0	360915048786.0	102472154397.0	761499.0	172436548205.0	CA	27.32084640075076						Gross domestic product, current prices	U.S. dollars	Dollars	See notes for:  Gross domestic product, current prices (National currency).	1535768000000.0	2016.0	North America	High Income	1980.0	CAN	0.3229636060536724	0.03422625157015377	0.03422625157015377	0.2767633006616826	322747.0	5.0	0.26399998680000003
Cayman Islands	310.0	49940432455.0	23792337111.0	84746971.0	98527590.0	326622438061.0	78663137114.0	3139.0	7249281852.0	KY	0.3561943940379805													Tax haven									0.0
Chile	305.0	28809345090.0	4252563902.0	490258676.0	540898044.0	36795637708.0	9169002651.0	112241.0	17335298428.0	CL	11.52854342222651						Gross domestic product, current prices	U.S. dollars	Dollars	See notes for:  Gross domestic product, current prices (National currency).	250008000000.0	2017.0	Latin America & The Caribbean	High Income	1980.0	CHL	0.17358608403230186	0.042507699188546	0.041941719395968635	0.17077744943703976	1124320.0	5.0	0.2269999982
Colombia	299.0	20301200832.0	1055406042.0	730986246.0	591415961.0	5966746179.0	3227451642.0	73043.0	7330862160.0	CO	69.26113902235933						Gross domestic product, current prices	U.S. dollars	Dollars	See notes for:  Gross domestic product, current prices (National currency).	279987000000.0	2017.0	Latin America & The Caribbean	Upper-Middle Income	1980.0	COL	0.1940012649506517			0.1940012649506517	2190990.0	3.0	0.26800000079999997
Costa Rica	154.0	9421735629.0	797307487.0	135287182.0	128858861.0	2247623165.0	989787415.0	69844.0	2790302748.0	CR	16.968005970825658						Gross domestic product, current prices	U.S. dollars	Dollars	See notes for:  Gross domestic product, current prices (National currency).	57810000000.0	2016.0	Latin America & The Caribbean	Upper-Middle Income	1980.0	CRI	0.135151920711409	0.028600665454778188		0.1329969040230978	41442.0	4.0	0.300000012
Curacao	41.0	628451612.0	178546527.0	9178207.0	8053635.0	12082104306.0	39471280.0	288.0	27997583.0	CW	5.140512758335535													Tax haven									0.2420000018
Dominican Republic	92.0	2796606018.0	448576814.0	50881356.0	57907894.0	757247411.0	663967377.0	26262.0	1310235914.0	DO	11.342841273111365						Gross domestic product, current prices	U.S. dollars	Dollars	See notes for:  Gross domestic product, current prices (National currency).	71673000000.0	2016.0	Latin America & The Caribbean	Upper-Middle Income	1980.0	DOM	0.13731079861813653	0.022984589364219585	0.022984589364219585	0.13658153525187164	8672.0	5.0	0.2760000052
Ecuador	110.0	3877407697.0	23713515.0	106883172.0	484175488.0	1210131701.0	97337447.0	12904.0	1306580475.0	EC	450.7268197059778						Gross domestic product, current prices	U.S. dollars	Dollars	See notes for:  Gross domestic product, current prices (National currency).	98614000000.0	2016.0	Latin America & The Caribbean	Upper-Middle Income	1980.0	ECU	0.1419406401012503	0.010295159929431615	0.010295159929431615	0.1419406401012503	293000.0	5.0	0.21999999899999997
El Salvador	77.0	3537463020.0	336079832.0	77111996.0	65162408.0	1304523990.0	190672119.0	35486.0	1173554739.0	SV	22.944547294346425						Gross domestic product, current prices	U.S. dollars	Dollars	See notes for:  Gross domestic product, current prices (National currency).	26798000000.0	2016.0	Latin America & The Caribbean	Lower-Middle Income	1980.0	SLV	0.17790208643011876	0.03728639714858793	0.03728639714858793	0.17790208643011876	3912.0	5.0	0.300000012
Guatemala	111.0	4048110549.0	29906307.0	75792314.0	69324681.0	1182402000.0	708369807.0	24583.0	1005295041.0	GT	253.43254183808116						Gross domestic product, current prices	U.S. dollars	Dollars	See notes for:  Gross domestic product, current prices (National currency).	68763000000.0	2016.0	Latin America & The Caribbean	Upper-Middle Income	1980.0	GTM	0.10782319909937396	0.03543229694228274	0.03543229694228274	0.1039394023992741	7319.0	5.0	0.2680000006
Honduras	66.0	3687887532.0	143952893.0	50776110.0	42232123.0	726948224.0	544734307.0	55385.0	836473404.0	HN	35.27272633555201						Gross domestic product, current prices	U.S. dollars	Dollars	See notes for:  Gross domestic product, current prices (National currency).	21644000000.0	2016.0	Latin America & The Caribbean	Lower-Middle Income	1980.0	HND	0.20185272792398046	0.033815125111356044	0.033815125111356044	0.1717846047119549	6122.0	5.0	0.300000006
Jamaica	41.0	381275676.0	59665571.0	12630558.0	11134562.0	110115457.0	103426637.0	8675.0	83664227.0	JM	21.16892168852285						Gross domestic product, current prices	U.S. dollars	Dollars	See notes for:  Gross domestic product, current prices (National currency).	14002000000.0	2016.0	Latin America & The Caribbean	Upper-Middle Income	1980.0	JAM	0.25788199019659513	0.032362357033679436	0.032362357033679436	0.25788199019659513	4565.0	5.0	0.25
Mexico	678.0	165801023157.0	9844032119.0	4489555950.0	3731115333.0	99182851698.0	81038736827.0	975451.0	52921399083.0	MX	45.60688034870074						Gross domestic product, current prices	U.S. dollars	Dollars	See notes for:  Gross domestic product, current prices (National currency).	1076914000000.0	2016.0	Latin America & The Caribbean	Upper-Middle Income	1980.0	MEX		0.03508894569832729	0.034891438622997616	0.13042601974158394	5245.0	4.0	0.300000012
Nicaragua	40.0	1361538707.0	70998583.0	25576558.0	21202620.0	134059237.0	204795399.0	8535.0	385901850.0	NI	36.02404008541973						Gross domestic product, current prices	U.S. dollars	Dollars	See notes for:  Gross domestic product, current prices (National currency).	13230000000.0	2016.0	Latin America & The Caribbean	Lower-Middle Income	1980.0	NIC	0.2380055621532688	0.0	0.0	0.18051065336631925	4.15975999832153e-06	5.0	0.300000012
Panama	161.0	12577510208.0	881129416.0	63744904.0	68517685.0	4579782080.0	2504331512.0	9931.0	2964721512.0	PA	7.234454195091814						Gross domestic product, current prices	U.S. dollars	Dollars	See notes for:  Gross domestic product, current prices (National currency).	57821000000.0	2017.0	Latin America & The Caribbean	Tax haven	1980.0	PAN	0.14892588786847344			0.09134121122599703	4039.0	3.0	0.25
Paraguay	41.0	1792008666.0	90949759.0	15070809.0	10186047.0	304719403.0	660309824.0	2059.0	709335933.0	PY	16.570477113633693						Gross domestic product, current prices	U.S. dollars	Dollars	See notes for:  Gross domestic product, current prices (National currency).	27424000000.0	2016.0	Latin America & The Caribbean	Upper-Middle Income	1980.0	PRY	0.11013065249610814	0.022106740316742098	0.022106740316742098	0.09913971756518887	515946.0	5.0	0.10000000099999999
Peru	205.0	11608709632.0	481912962.0	679711941.0	539088489.0	7463296216.0	9604156800.0	36643.0	13445986419.0	PE	141.04454426357597						Gross domestic product, current prices	U.S. dollars	Dollars	See notes for:  Gross domestic product, current prices (National currency).	195432000000.0	2017.0	Latin America & The Caribbean	Upper-Middle Income	1980.0	PER	0.12991545099296795	0.034010065001188694		0.12991545099296795	0.0051	4.0	0.29900000699999996
Puerto Rico	259.0	97835614361.0	38925940317.0	604667335.0	419653604.0	26006428036.0	99764667958.0	66326.0	16379377113.0	PR	1.5533788781357343						Gross domestic product, current prices	U.S. dollars	Dollars	See notes for:  Gross domestic product, current prices (National currency).	105035000000.0	2016.0		Tax haven									0.389999986
St. Kitts and Nevis	16.0	185565397.0	66165643.0	4726756.0	4698914.0	518604533.0	3070749885.0	916.0	274350380.0	KN	7.143822361100608						Gross domestic product, current prices	U.S. dollars	Dollars	See notes for:  Gross domestic product, current prices (National currency).	900000000.0	2016.0	Latin America & The Caribbean	Tax haven	1980.0	KNA	0.18556011949215834	0.02542942494398805	0.02542942494398805	0.18556011949215834	156.0	5.0	0.330000013
St. Lucia Island	24.0	120092757.0	55876008.0	1066480.0	1324657.0	219197823.0	157940754.0	292.0	177639389.0	LC	1.908654605389848						Gross domestic product, current prices	U.S. dollars	Dollars	See notes for:  Gross domestic product, current prices (National currency).	1643000000.0	2016.0	Latin America & The Caribbean	Tax haven	1980.0	LCA	0.2087583719732097	0.020736733642452345	0.020736733642452345	0.2087583719732097	411.0	5.0	0.300000012
Trinidad and Tobago	67.0	1740047238.0	-349382469.0	200568492.0	62162918.0	1321377609.0	2666087101.0	4133.0	1196705883.0	TT	-57.40657010469521						Gross domestic product, current prices	U.S. dollars	Dollars	See notes for:  Gross domestic product, current prices (National currency).	22296000000.0	2016.0	Latin America & The Caribbean	Tax haven	1980.0	TTO					15224.0	1.0	0.25
Uruguay	117.0	3868144645.0	921603068.0	27940455.0	33967610.0	1776819178.0	1595429299.0	6116.0	699235502.0	UY	3.0317233058516684						Gross domestic product, current prices	U.S. dollars	Dollars	See notes for:  Gross domestic product, current prices (National currency).	52420000000.0	2016.0	Latin America & The Caribbean	High Income	1980.0	URY	0.34229075870978226	0.02717406481148219	0.02717406481148219	0.2370923569982293	102.0	5.0	0.25
Venezuela	148.0	2055111547.0	-3216948409.0	32530688.0	30403789.0	3213052404.0	-4871518708.0	22807.0	2420589076.0	VE	-1.0112281536436662						Gross domestic product, current prices	U.S. dollars	Dollars	See notes for:  Gross domestic product, current prices (National currency).	236116000000.0	2016.0	Latin America & The Caribbean	Upper-Middle Income	1980.0	VEN	0.20279104878902895	0.007864773381706894	0.0	0.20279104878902895	300.0	5.0	0.34000000399999997
Virgin Islands	52.0	461725718.0	18881793.0	9519816.0	8457088.0	1080481515.0	-1213188105.0	1538.0	493611386.0	VI	50.4179661327714													Tax haven									0.0
Americas, other countries	60.0	3236276102.0	-6209700.0	56171581.0	74999929.0	1428874224.0	243803096.0	2062.0	1282229537.0	Americas_other	-904.5780150409844													Upper-Middle Income									
Asia & Oceania, total	943.0	1418558512879.0	131550145216.0	30924060870.0	27861656823.0	802722310958.0	447387404793.0	4035474.0	443951572732.0	Asia_Oceania	23.507431952449732																						
Armenia	15.0	34405746.0	352205.0	365936.0	310814.0	2670972.0	-884316.0	425.0	4117372.0	AM	103.89858179185416						Gross domestic product, current prices	U.S. dollars	Dollars	See notes for:  Gross domestic product, current prices (National currency).	10572000000.0	2016.0	Europe & Central Asia	Upper-Middle Income	1990.0	ARM	0.2098528499381572	0.027810637434632596	0.027810637434632596	0.1796031886849546	50.0	5.0	0.20000000300000004
Australia	626.0	114224661226.0	2494829871.0	2690171158.0	2333158928.0	253654979696.0	28643687022.0	243078.0	106377343705.0	AU	107.82984400141487						Gross domestic product, current prices	U.S. dollars	Dollars	See notes for:  Gross domestic product, current prices (National currency).	1264944000000.0	2017.0	East Asia & Pacific	High Income	1980.0	AUS	0.2857851967025552	0.047073664446856574	0.047073664446856574	0.2857851967025552	142708.0	5.0	0.300000012
Azerbaijan	34.0	1408780229.0	-123259223.0	74114744.0	88391374.0	274409949.0	507587238.0	1707.0	2672316474.0	AZ	-60.12916696708368						Gross domestic product, current prices	U.S. dollars	Dollars	See notes for:  Gross domestic product, current prices (National currency).	37810000000.0	2016.0	Europe & Central Asia	Upper-Middle Income	1990.0	AZE	0.16506068407502758	0.040658330268481056		0.15628907686649504	0.0	4.0	0.20000000300000004
Bahrain	55.0	1421750519.0	223157878.0	7131890.0	6387676.0	1261724364.0	-886150119.0	3630.0	387145605.0	BH	3.1958943434656613						Gross domestic product, current prices	U.S. dollars	Dollars	See notes for:  Gross domestic product, current prices (National currency).	32176000000.000008	2016.0	Middle East & North Africa	High Income	1980.0	BHR	0.010698814875357579	0.0012930118512464242		0.010698814875357579	1270.0	4.0	0.0
Bangladesh	46.0	1294792118.0	431316960.0	164242813.0	163423354.0	70571531.0	86964218.0	3448.0	1645978529.0	BD	38.07937740264144						Gross domestic product, current prices	U.S. dollars	Dollars	See notes for:  Gross domestic product, current prices (National currency).	235623000000.0	2016.0	South Asia	Lower-Middle Income	1980.0	BGD	0.08190838789003095	0.016350831023436912	0.016350831023436912	0.08190838789003095	349757.0	5.0	0.2600000024
Brunei	24.0	193458292.0	-591701.0	5073988.0	3786609.0	46243112.0	-83090481.0	450.0	152139797.0	BN	-857.5256759748588						Gross domestic product, current prices	U.S. dollars	Dollars	See notes for:  Gross domestic product, current prices (National currency).	11399000000.0	2016.0	East Asia & Pacific	High Income	1980.0	BRN					10554.0	1.0	0.185000002
Burma	22.0	339823137.0	25001023.0	7347504.0	6703894.0	70518545.0	-19467656.0	1838.0	489433895.0	MM	29.38881340975527						Gross domestic product, current prices	U.S. dollars	Dollars	See notes for:  Gross domestic product, current prices (National currency).	63251000000.0	2017.0	East Asia & Pacific	Lower-Middle Income	1980.0	MMR	0.06694304797269261			0.06593628472863733	41274.0	3.0	0.25
Cambodia	22.0	318322883.0	26541819.0	6337670.0	8193926.0	86362869.0	111098776.0	2187.0	273351900.0	KH	23.878054476974622						Gross domestic product, current prices	U.S. dollars	Dollars	See notes for:  Gross domestic product, current prices (National currency).	20157000000.0	2016.0	East Asia & Pacific	Lower-Middle Income	1980.0	KHM	0.15776440119812538	0.03077407931032373		0.15776440119812538	10148.66	4.0	0.20000000300000004
China	740.0	253508913118.0	19083105379.0	5029773987.0	4744238082.0	68027434479.0	36564688561.0	1055018.0	68076364837.0	CN	26.35720909729406						Gross domestic product, current prices	U.S. dollars	Dollars	See notes for:  Gross domestic product, current prices (National currency).	11221836000000.0	2017.0	East Asia & Pacific	Upper-Middle Income	1980.0	CHN	0.2379035428517283	0.038693812393345565	0.038693812393345565	0.1889796763459273	457529.0	5.0	0.25
Fiji	18.0	348107491.0	18984874.0	3467002.0	3420069.0	43544150.0	71985362.0	2450.0	316302537.0	FJ	18.2619173558908						Gross domestic product, current prices	U.S. dollars	Dollars	See notes for:  Gross domestic product, current prices (National currency).	4666000000.0	2017.0	East Asia & Pacific	Upper-Middle Income	1980.0	FJI	0.2703869668688574	0.044209735035242725	0.044209735035242725	0.2703869668688574	1007.0	5.0	0.20000000300000004
Georgia	19.0	195246772.0	31141377.0	990287.0	294790.0	16897635.0	-23832303.0	487.0	11393415.0	GE	3.1799717783834667						Gross domestic product, current prices	U.S. dollars	Dollars	See notes for:  Gross domestic product, current prices (National currency).	14330000000.0	2016.0	Europe & Central Asia	Upper-Middle Income	1980.0	GEO	0.2583797923217164	0.019991016461014085	0.019991016461014085	0.2583797923217164	0.01127	5.0	0.150000006
Guam	43.0	798897605.0	74599310.0	18347355.0	12374401.0	94275066.0	244693548.0	1160.0	144706237.0	GU	24.59453713445875													Tax haven									0.349999994
Hong Kong	664.0	138055904708.0	9714415363.0	1584539008.0	1341963513.0	76521598406.0	60143571233.0	85285.0	10007344640.0	HK	16.311213272135234						Gross domestic product, current prices	U.S. dollars	Dollars	See notes for:  Gross domestic product, current prices (National currency).	320881000000.0	2017.0	East Asia & Pacific	Tax haven	1980.0	HKG	0.13574933149175708	0.055688944921344886	0.055688944921344886	0.13574933149175708	143620.0	5.0	0.165000007
India	593.0	81409361689.0	12030857911.0	4081899807.0	3184674490.0	57655322542.0	42392106193.0	1149992.0	22758226193.0	IN	33.92858462128337						Gross domestic product, current prices	U.S. dollars	Dollars	See notes for:  Gross domestic product, current prices (National currency).	2273556000000.0	2017.0	South Asia	Lower-Middle Income	1980.0	IND	0.17575219113647786				1426470.0	2.0	0.3344000104
Indonesia	229.0	17791688222.0	3293646023.0	970864074.0	969879646.0	6511358934.0	8035735526.0	67669.0	19616266145.0	ID	29.476879640991093						Gross domestic product, current prices	U.S. dollars	Dollars	See notes for:  Gross domestic product, current prices (National currency).	932445000000.0	2017.0	East Asia & Pacific	Lower-Middle Income	1980.0	IDN	0.09879192686670996	0.03836120563942637		0.09879192686670996	65385620.0	4.0	0.25
Iraq	30.0	2149381227.0	-154333362.0	76951528.0	26707284.0	1092177550.0	-279848365.0	3961.0	1883254230.0	IQ	-49.86059203453365						Gross domestic product, current prices	U.S. dollars	Dollars	See notes for:  Gross domestic product, current prices (National currency).	171716000000.0	2016.0	Middle East & North Africa	Upper-Middle Income	1980.0	IRQ					15770.7	1.0	0.150000006
Israel	215.0	16277827236.0	2482014026.0	719397062.0	475804255.0	20357986287.0	17184065103.0	43835.0	7953171610.0	IL	28.984407600603948						Gross domestic product, current prices	U.S. dollars	Dollars	See notes for:  Gross domestic product, current prices (National currency).	317748000000.0	2017.0	Middle East & North Africa	High Income	1980.0	ISR	0.3250683306988778	0.03295743191701858	0.03295743191701858	0.2725499893835374	122.0	5.0	0.2509999962
Japan	537.0	204383838542.0	25952355940.0	6649845321.0	6048876259.0	64439444261.0	62957153318.0	310802.0	34002150139.0	JP	25.623281895385407						Gross domestic product, current prices	U.S. dollars	Dollars	See notes for:  Gross domestic product, current prices (National currency).	4949272000000.0	2017.0	East Asia & Pacific	High Income	1980.0	JPN	0.3200360653211575	0.04495874318042566	0.04495874318042566	0.18988483311992546	249345149.0	5.0	0.33845999819999995
Jordan	32.0	1050671937.0	228208366.0	11901479.0	15020914.0	234563227.0	387933248.0	2042.0	870253399.0	JO	5.2151808492419605						Gross domestic product, current prices	U.S. dollars	Dollars	See notes for:  Gross domestic product, current prices (National currency).	38709000000.0	2016.0	Middle East & North Africa	Upper-Middle Income	1980.0	JOR	0.15067294052520502	0.02569283465384216	0.02569283465384216	0.15027159810400306	1165.0	5.0	0.17600000219999998
Kazakhstan	77.0	1994144374.0	513976024.0	192066720.0	186646944.0	11700065753.0	4789477813.0	5062.0	12539569861.0	KZ	37.36880925013732						Gross domestic product, current prices	U.S. dollars	Dollars	See notes for:  Gross domestic product, current prices (National currency).	133668000000.0	2016.0	Europe & Central Asia	Upper-Middle Income	1990.0	KAZ	0.16594703555168538				93.0	2.0	0.20000000300000004
Korea, Republic of (South)	441.0	54792189442.0	4403769577.0	1351490454.0	916982545.0	19204074625.0	28755660283.0	111232.0	17022570379.0	KR	30.68939985094956						Gross domestic product, current prices	U.S. dollars	Dollars	See notes for:  Gross domestic product, current prices (National currency).	1411042000000.0	2017.0	East Asia & Pacific	High Income	1980.0	KOR	0.2689958255860817	0.038314293596862586	0.038314293596862586	0.19983488197459245	39471400.0	5.0	0.23760001099999997
Kuwait	37.0	1548801814.0	179829741.0	35833076.0	21506636.0	221650369.0	595941220.0	3078.0	453202466.0	KW	19.926112221893266						Gross domestic product, current prices	U.S. dollars	Dollars	See notes for:  Gross domestic product, current prices (National currency).	110873000000.0	2016.0	Middle East & North Africa	High Income	1980.0	KWT	0.01654670306941342			0.01654670306941342	7764.0	3.0	0.0
Lebanon	42.0	311433385.0	62190391.0	8885995.0	10260887.0	89545056.0	-33380823.0	845.0	16665164.0	LB	14.288372941729858						Gross domestic product, current prices	U.S. dollars	Dollars	See notes for:  Gross domestic product, current prices (National currency).	49611000000.0	2013.0	Middle East & North Africa	Upper-Middle Income	1980.0	LBN	0.15529584309579375			0.15254560285199056	14000.0	3.0	0.150000006
Macau	55.0	9802667938.0	1528014481.0	7907371.0	7570485.0	2712981647.0	3821775009.0	29073.0	8835830654.0	MO	0.5174931977624366						Gross domestic product, current prices	U.S. dollars	Dollars	See notes for:  Gross domestic product, current prices (National currency).	45368000000.0	2016.0	East Asia & Pacific	Tax haven	1980.0	MAC	0.28158874748761675	0.013826089935681015	0.013826089935681015	0.28158874748761675	5001.0	5.0	0.119999997
Malaysia	379.0	39254922307.0	3113577744.0	451198617.0	497610547.0	12491658943.0	13612195844.0	147613.0	17430463906.0	MY	14.491323297434258						Gross domestic product, current prices	U.S. dollars	Dollars	See notes for:  Gross domestic product, current prices (National currency).	296536000000.0	2017.0	East Asia & Pacific	Upper-Middle Income	1980.0	MYS	0.13756324023980115	0.05852601907361375		0.13756324023980115	57430.0	4.0	0.24399999700000002
New Zealand	329.0	11765552298.0	910874325.0	252283095.0	241411875.0	5325868588.0	2181575894.0	26473.0	2950381362.0	NZ	27.69680603303864						Gross domestic product, current prices	U.S. dollars	Dollars	See notes for:  Gross domestic product, current prices (National currency).	185380000000.0	2017.0	East Asia & Pacific	High Income	1980.0	NZL	0.3283002129169624	0.048413768630234215	0.048413768630234215	0.3283002129169624	23117.0	5.0	0.280000001
Oman	43.0	2066175218.0	-382713894.0	174030150.0	168286982.0	453406368.0	3236188326.0	5907.0	2345015932.0	OM	-45.47265012542241						Gross domestic product, current prices	U.S. dollars	Dollars	See notes for:  Gross domestic product, current prices (National currency).	66824000000.0	2015.0	Middle East & North Africa	High Income	1980.0	OMN	0.02528636978839996	0.013012907272307134		0.02528636978839996	2191.0	4.0	0.12599999879999998
Pakistan	65.0	2231538611.0	428443080.0	161495874.0	103295711.0	346491413.0	762208104.0	9957.0	718431512.0	PK	37.693659097026384						Gross domestic product, current prices	U.S. dollars	Dollars	See notes for:  Gross domestic product, current prices (National currency).	278913000000.0	2016.0	South Asia	Lower-Middle Income	1980.0	PAK	0.09988356618440963			0.09988356618440963	306285.0	3.0	0.3300000012
Papua-New Guinea	27.0	1444596292.0	158402548.0	28320479.0	15942236.0	2899122476.0	-977851661.0	960.0	5855905174.0	PG	17.878802681886153						Gross domestic product, current prices	U.S. dollars	Dollars	See notes for:  Gross domestic product, current prices (National currency).	22568000000.0	2015.0	East Asia & Pacific	Lower-Middle Income	1980.0	PNG	0.13938857160309073			0.13938857160309073	2788.0	3.0	0.300000012
Philippines	255.0	18551669398.0	1929071577.0	441498828.0	430522034.0	3296717049.0	4913569063.0	235692.0	6525530912.0	PH	22.88659649874671						Gross domestic product, current prices	U.S. dollars	Dollars	See notes for:  Gross domestic product, current prices (National currency).	304906000000.0	2017.0	East Asia & Pacific	Lower-Middle Income	1980.0	PHL	0.1423905946720181	0.03722507901882533	0.03722507901882533	0.1423905946720181	270062.0	5.0	0.300000012
Qatar	76.0	3680877548.0	1426132163.0	610157406.0	434444579.0	4785654058.0	11129802212.0	4506.0	4404964077.0	QA	42.784071619034094						Gross domestic product, current prices	U.S. dollars	Dollars	See notes for:  Gross domestic product, current prices (National currency).	152469000000.0	2016.0	Middle East & North Africa	High Income	1980.0	QAT		0.04361271252968545			28631.0	2.0	0.10000000099999999
Saudi Arabia	140.0	11366789052.0	753474801.0	315802465.0	263506800.0	1326012721.0	3975197518.0	31851.0	5438219997.0	SA	41.91281043252832						Gross domestic product, current prices	U.S. dollars	Dollars	See notes for:  Gross domestic product, current prices (National currency).	644935000000.0	2016.0	Middle East & North Africa	Tax haven	1980.0	SAU	0.03384833614864844	0.005426931445511579		0.03384833614864844	547381.0	4.0	0.20000000300000004
Singapore	624.0	309187474241.0	29040590156.0	1811693514.0	2002865363.0	161781552841.0	96812446828.0	126190.0	41745919263.0	SG	6.238487249287841						Gross domestic product, current prices	U.S. dollars	Dollars	See notes for:  Gross domestic product, current prices (National currency).	309754000000.0	2017.0	East Asia & Pacific	Tax haven	1980.0	SGP	0.14273744880927802	0.04590259136898617	0.04590259136898617	0.14273744880927802	25863.0	5.0	0.17000000199999998
Sri Lanka	46.0	732654356.0	66051756.0	12402132.0	19048885.0	163789596.0	-84521163.0	3515.0	102560311.0	LK	18.776384991187822						Gross domestic product, current prices	U.S. dollars	Dollars	See notes for:  Gross domestic product, current prices (National currency).	80978000000.0	2017.0	South Asia	Upper-Middle Income	1980.0	LKA	0.12713687492014067	0.013335394956042107	0.013335394956042107	0.12541427118341494	83073.0	5.0	0.254000002
Taiwan	342.0	31413923822.0	2818344176.0	508014233.0	535051001.0	8288453698.0	5339229233.0	82295.0	8625486269.0	TW	18.025273042450443						Gross domestic product, current prices	U.S. dollars	Dollars	See notes for:  Gross domestic product, current prices (National currency).	530608000000.0	2016.0											0.17000000199999998
Thailand	323.0	46179492645.0	4676128460.0	796209467.0	782048039.0	7580679303.0	6629339279.0	136602.0	17281122577.0	TH	17.02710851104377						Gross domestic product, current prices	U.S. dollars	Dollars	See notes for:  Gross domestic product, current prices (National currency).	411847000000.0	2017.0	East Asia & Pacific	Upper-Middle Income	1980.0	THA	0.17301457097359946	0.03998368820724284	0.03998368820724284	0.16308132172884346	684362.0	5.0	0.20000000300000004
United Arab Emirates	356.0	28633908563.0	3300031181.0	1530819563.0	1668956333.0	5702338104.0	5164835041.0	38222.0	11203581506.0	AE	46.38803329537389						Gross domestic product, current prices	U.S. dollars	Dollars	See notes for:  Gross domestic product, current prices (National currency).	348743000000.0	2016.0	Middle East & North Africa	Tax haven	1980.0	ARE	0.121849666550416			0.11857566850058007	149832.0	3.0	0.550000012
Vietnam	144.0	7037112654.0	591519943.0	104355320.0	100016425.0	2860303547.0	97275433.0	49428.0	2178540324.0	VN	17.641893774661796						Gross domestic product, current prices	U.S. dollars	Dollars	See notes for:  Gross domestic product, current prices (National currency).	201309000000.0	2017.0	East Asia & Pacific	Lower-Middle Income	1980.0	VNM	0.18737606723679745	0.03815440175077645	0.032161563779450314	0.18737606723679745	5713.0	5.0	0.22200000000000003
Asia & Oceania, other countries	74.0	1356756223.0	200092948.0	26833499.0	22072237.0	1029861227.0	628445235.0	7509.0	636350428.0	Asia_other	13.410517096284671													Upper-Middle Income									
Europe, total	1005.0	2531464264129.0	145147972619.0	33201614703.0	29515666236.0	6365264831426.0	1822836056584.0	3451366.0	685186947770.0	Europe	22.8743220479911																						
Albania	13.0	23890890.0	2550835.0	1582888.0	878257.0	2078530.0	4881319.0	347.0	15881193.0	AL	62.05371966434521						Gross domestic product, current prices	U.S. dollars	Dollars	See notes for:  Gross domestic product, current prices (National currency).	11865000000.0	2016.0	Europe & Central Asia	Upper-Middle Income	1980.0	ALB	0.2527446181618904	0.022756996873085973	0.022756996873085973	0.19785215821540247	18489.0	5.0	0.14000000499999998
Austria	295.0	17017683903.0	685153617.0	254785530.0	516762142.0	8829755974.0	18361786882.0	26312.0	3612645597.0	AT	37.186628469626825						Gross domestic product, current prices	U.S. dollars	Dollars	See notes for:  Gross domestic product, current prices (National currency).	390961000000.0	2016.0	Europe & Central Asia	High Income	1980.0	AUT	0.4175032157426757	0.024656730621061426	0.024656730621061426	0.27209320652394303	75980.0	5.0	0.25
Belarus	23.0	158757553.0	12202232.0	2255706.0	2639512.0	32647246.0	16651463.0	1056.0	41582755.0	BY	18.486011411682714						Gross domestic product, current prices	U.S. dollars	Dollars	See notes for:  Gross domestic product, current prices (National currency).	47703000000.0	2016.0	Europe & Central Asia	Upper-Middle Income	1990.0	BLR	0.3457205605117827	0.030108078573590043	0.030108078573590043	0.2416603973786738	4.0	5.0	0.180000007
Belgium	446.0	125705180949.0	6445817668.0	1138015428.0	1096578372.0	75773838241.0	47695827029.0	90847.0	36494154580.0	BE	17.655098028131192						Gross domestic product, current prices	U.S. dollars	Dollars	See notes for:  Gross domestic product, current prices (National currency).	468148000000.0	2016.0	Europe & Central Asia	High Income	1980.0	BEL	0.444100826096166	0.04124855085832462	0.04124855085832462	0.3088624835725983	89853.0	5.0	0.33990001700000005
Bosnia-Herzegovina	19.0	93655683.0	12453334.0	1064826.0	1663089.0	30185742.0	26732633.0	465.0	12356625.0	BA	8.550529520849597						Gross domestic product, current prices	U.S. dollars	Dollars	See notes for:  Gross domestic product, current prices (National currency).	16917000000.000004	2016.0	Europe & Central Asia	Upper-Middle Income	1990.0	BIH	0.3769524893051062	0.017732880981287658	0.017732880981287658	0.2268023898769426	1.0	5.0	0.10000000099999999
Bulgaria	99.0	2484572936.0	207567448.0	17729164.0	15055955.0	1320292707.0	361557606.0	14648.0	1499879354.0	BG	8.541399034785071						Gross domestic product, current prices	U.S. dollars	Dollars	See notes for:  Gross domestic product, current prices (National currency).	53236000000.0	2016.0	Europe & Central Asia	Upper-Middle Income	1980.0	BGR	0.29370559068911256	0.02271036093544333	0.02271036093544333	0.2100128757063824	25.0	5.0	0.10000000099999999
Croatia	77.0	709007366.0	77213871.0	16272910.0	17654779.0	923637763.0	135633094.0	3814.0	225501342.0	HR	21.075112268364318						Gross domestic product, current prices	U.S. dollars	Dollars	See notes for:  Gross domestic product, current prices (National currency).	51350000000.0	2016.0	Europe & Central Asia	High Income	1990.0	HRV	0.35163044796105786	0.017063612702031855	0.017063612702031855	0.22586023120376156	334.0	5.0	0.20000000300000004
Cyprus	94.0	1031617602.0	1523091385.0	15558350.0	7005999.0	83967346511.0	34046566907.0	1542.0	213194338.0	CY	1.0214981289517306						Gross domestic product, current prices	U.S. dollars	Dollars	See notes for:  Gross domestic product, current prices (National currency).	20055000000.0	2016.0	Europe & Central Asia	Tax haven	1980.0	CYP	0.2452643900452949	0.05651687108758716	0.05651687108758716	0.2452643900452949	1395.0	5.0	0.125
Czech Republic	289.0	13940665283.0	942546574.0	156186816.0	154452276.0	5271135783.0	2097058627.0	77576.0	3811102679.0	CZ	16.570726615361927						Gross domestic product, current prices	U.S. dollars	Dollars	See notes for:  Gross domestic product, current prices (National currency).	195305000000.0	2017.0	Europe & Central Asia	High Income	1990.0	CZE	0.3487825695871233	0.0370338682099432	0.0370338682099432	0.1987642428481139	723790.37	5.0	0.189999998
Denmark	311.0	15740377235.0	980305398.0	513048727.0	424186377.0	62868810124.0	9953498438.0	29025.0	4820869344.0	DK	52.33560154281636						Gross domestic product, current prices	U.S. dollars	Dollars	See notes for:  Gross domestic product, current prices (National currency).	306900000000.0	2017.0	Europe & Central Asia	High Income	1980.0	DNK	0.4538170949510346	0.030005845083032227	0.030005845083032227	0.4533334993824808	400867.0	5.0	0.2310000004
Estonia	64.0	523413346.0	52655331.0	11071541.0	9964955.0	155449354.0	220350822.0	3648.0	131652601.0	EE	21.02643889941552						Gross domestic product, current prices	U.S. dollars	Dollars	See notes for:  Gross domestic product, current prices (National currency).	23348000000.0	2017.0	Europe & Central Asia	High Income	1990.0	EST	0.32966673724327755	0.015479568071141226	0.015479568071141226	0.21803472369256827	51.0	5.0	0.20399999900000002
Finland	259.0	9993461200.0	851290902.0	108176337.0	110878353.0	6410388113.0	-5057991337.0	18452.0	3884519403.0	FI	12.707329156913744						Gross domestic product, current prices	U.S. dollars	Dollars	See notes for:  Gross domestic product, current prices (National currency).	238776000000.0	2017.0	Europe & Central Asia	High Income	1980.0	FIN	0.4333051948922029	0.0273657506040832	0.0273657506040832	0.31240815925464394	33682.0	5.0	0.2090000034
France	617.0	159017488772.0	4795899326.0	2249758754.0	2181309400.0	129879021912.0	25544654121.0	309741.0	39017675048.0	FR	46.91004962934454						Gross domestic product, current prices	U.S. dollars	Dollars	See notes for:  Gross domestic product, current prices (National currency).	2466472000000.0	2017.0	Europe & Central Asia	High Income	1980.0	FRA	0.4623115490179822	0.02345198738060226	0.02345198738060226	0.2940112553508079	451770.0	5.0	0.33324001999999997
Germany	698.0	298770740824.0	11109546045.0	3963787350.0	3213273634.0	244209751324.0	20078860111.0	500806.0	59742928916.0	DE	35.679111765182846						Gross domestic product, current prices	U.S. dollars	Dollars	See notes for:  Gross domestic product, current prices (National currency).	3479232000000.0	2017.0	Europe & Central Asia	High Income	1980.0	DEU	0.3754431947860155	0.020120585596855988	0.020120585596855988	0.2331775159122947	789179.0	5.0	0.2967199978
Greece	172.0	4422121034.0	276190398.0	87513447.0	49989699.0	2372153583.0	-351575495.0	13130.0	689833407.0	GR	31.685912194528928						Gross domestic product, current prices	U.S. dollars	Dollars	See notes for:  Gross domestic product, current prices (National currency).	192770000000.0	2017.0	Europe & Central Asia	High Income	1980.0	GRC	0.3884365768125271	0.0	0.0	0.2734536117368965	7110.0	5.0	0.2779999912
Guernsey	41.0	526312179.0	236390548.0	6903417.0	7874153.0	17476857522.0	-11779060990.0	1529.0	519271304.0	GG	2.9203439217036715													Tax haven									0.0
Hungary	248.0	20862766507.0	6030490241.0	1278330378.0	228568927.0	32400481985.0	17607833945.0	70413.0	4139884439.0	HU	21.197785369237607						Gross domestic product, current prices	U.S. dollars	Dollars	See notes for:  Gross domestic product, current prices (National currency).	129144000000.0	2017.0	Europe & Central Asia	High Income	1980.0	HUN	0.3754066767357265	0.018547849674306845	0.018547849674306845	0.2482005703019571	749491.0	5.0	0.1699999992
Iceland	23.0	1724367391.0	-291957971.0	15270543.0	8598296.0	3570682849.0	-905649683.0	1944.0	3625229350.0	IS	-5.230390849647328						Gross domestic product, current prices	U.S. dollars	Dollars	See notes for:  Gross domestic product, current prices (National currency).	20304000000.0	2017.0	Europe & Central Asia	High Income	1980.0	ISL	0.3678997099544105	0.027278122384717392	0.027278122384717392	0.3338092264304521	16477.0	5.0	0.20000000300000004
Ireland	443.0	346769594998.0	31390539210.0	4281307555.0	4653547858.0	394056651681.0	236340519631.0	108127.0	79843197829.0	IE	13.638846807818187						Gross domestic product, current prices	U.S. dollars	Dollars	See notes for:  Gross domestic product, current prices (National currency).	304499000000.0	2017.0	Europe & Central Asia	Tax haven	1980.0	IRL	0.22870822252263606	0.027915145963652955	0.027915145963652955	0.18986670707497216	13215.0	5.0	0.125
Italy	535.0	88553245318.0	3399820873.0	1543152998.0	1141739197.0	48148288366.0	13017890116.0	157598.0	21227573061.0	IT	45.38924418798343						Gross domestic product, current prices	U.S. dollars	Dollars	See notes for:  Gross domestic product, current prices (National currency).	1860152000000.0	2016.0	Europe & Central Asia	High Income	1980.0	ITA	0.4220589017579065	0.02089536657367722	0.02089536657367722	0.2936232703672986	213496.0	5.0	0.299200007
Jersey	74.0	2329598512.0	89081267.0	16759017.0	11173641.0	136771453023.0	14773261349.0	459.0	2955330407.0	JE	18.813177634754567													Tax haven									0.1200000018
Latvia	51.0	476204081.0	60399871.0	2345282.0	2988888.0	286004827.0	-103151265.0	1314.0	20203164.0	LV	3.882925511546208						Gross domestic product, current prices	U.S. dollars	Dollars	See notes for:  Gross domestic product, current prices (National currency).	27584000000.0	2017.0	Europe & Central Asia	High Income	1980.0	LVA	0.3020491991269929	0.015809677061369442	0.015809677061369442	0.21847183072540965	40.0	5.0	0.150000006
Lithuania	69.0	932721323.0	121022414.0	14010512.0	21637483.0	207180776.0	573342183.0	7269.0	157580660.0	LT	11.576791056241865						Gross domestic product, current prices	U.S. dollars	Dollars	See notes for:  Gross domestic product, current prices (National currency).	42791000000.0	2017.0	Europe & Central Asia	High Income	1990.0	LTU	0.2960580692564765	0.01495650731198597	0.01495650731198597	0.17358486407053636	134.0	5.0	0.150000006
Luxembourg	427.0	79433207170.0	-2139730125.0	511520115.0	538429013.0	1427198819253.0	195507642351.0	11361.0	36978222443.0	LU	-23.90582387112954						Gross domestic product, current prices	U.S. dollars	Dollars	See notes for:  Gross domestic product, current prices (National currency).	58655000000.0	2016.0	Europe & Central Asia	Tax haven	1980.0	LUX	0.38708555308414255	0.05246957449501799	0.05246957449501799	0.2763744371507622	4676.0	5.0	0.287919998
Macedonia	15.0	162616067.0	7282987.0	675816.0	899523.0	44568808.0	-7358794.0	2983.0	97468808.0	MK	9.27937946339874						Gross domestic product, current prices	U.S. dollars	Dollars	See notes for:  Gross domestic product, current prices (National currency).	10759000000.0	2017.0	Europe & Central Asia	Upper-Middle Income	1990.0	MKD	0.2554334340470873	0.018488515226265368	0.018488515226265368	0.169640236198891	506.0	5.0	0.10000000099999999
Malta	51.0	1151758624.0	133898237.0	16385078.0	13607577.0	21497206396.0	8920761891.0	422.0	26793593.0	MT	12.236963209605214						Gross domestic product, current prices	U.S. dollars	Dollars	See notes for:  Gross domestic product, current prices (National currency).	11278000000.0	2017.0	Europe & Central Asia	Tax haven	1980.0	MLT	0.3269984949092519	0.06474696768481629	0.06474696768481629	0.2647666223992917	1037.0	5.0	0.349999994
Monaco	18.0	269319603.0	7473364.0	3519620.0	3224933.0	157118939.0	-73733004.0	250.0	94159212.0	MC	47.09552485333245													Tax haven									0.333300024
Netherlands	738.0	258539839443.0	37642596844.0	3061263490.0	3255593228.0	1370829097148.0	387959577773.0	135788.0	61983861096.0	NL	8.13244501352182						Gross domestic product, current prices	U.S. dollars	Dollars	See notes for:  Gross domestic product, current prices (National currency).	777548000000.0	2017.0	Europe & Central Asia	Tax haven	1980.0	NLD	0.3875188590159664	0.03282011483648283	0.03282011483648283	0.2492469961250828	174271.0	5.0	0.25
Norway	275.0	24454913568.0	1082383838.0	1212821379.0	1066265643.0	20671532864.0	7963632317.0	32668.0	18578927866.0	NO	112.05095054274082						Gross domestic product, current prices	U.S. dollars	Dollars	See notes for:  Gross domestic product, current prices (National currency).	371075000000.0	2017.0	Europe & Central Asia	High Income	1980.0	NOR	0.3870980668739781	0.034257044849806045	0.021646843843169943	0.2809970185618568	318279.0	5.0	0.2620000036
Poland	405.0	35020725659.0	1974050436.0	391441566.0	311276577.0	11145947911.0	4384362832.0	187607.0	11219918214.0	PL	19.829359922189948						Gross domestic product, current prices	U.S. dollars	Dollars	See notes for:  Gross domestic product, current prices (National currency).	471216000000.0	2017.0	Europe & Central Asia	High Income	1980.0	POL	0.33786185153339066	0.019367133798957124	0.019367133798957124	0.20969714340307632	250.0	5.0	0.189999998
Portugal	248.0	9089081236.0	281514486.0	97810588.0	93844220.0	1851591788.0	1004484460.0	35089.0	1930085697.0	PT	34.74442448407433						Gross domestic product, current prices	U.S. dollars	Dollars	See notes for:  Gross domestic product, current prices (National currency).	205269000000.0	2017.0	Europe & Central Asia	High Income	1980.0	PRT	0.3443337957895927	0.0322290854156711	0.0322290854156711	0.2520880722253909	8138.0	5.0	0.2219999966
Romania	199.0	8447735711.0	302335888.0	79562204.0	87773575.0	2026418265.0	1011185166.0	57723.0	2857039116.0	RO	26.315831880335693						Gross domestic product, current prices	U.S. dollars	Dollars	See notes for:  Gross domestic product, current prices (National currency).	187807000000.0	2016.0	Europe & Central Asia	Upper-Middle Income	1980.0	ROU	0.2572922296134008	0.020089713526012368	0.020089713526012368	0.16365014759660895	82.0	5.0	0.159999996
Russia	341.0	36804373012.0	1967677309.0	789478666.0	632601009.0	13354059825.0	8355147214.0	171424.0	14969867653.0	RU	40.12236469816403						Gross domestic product, current prices	U.S. dollars	Dollars	See notes for:  Gross domestic product, current prices (National currency).	1281286000000.0	2017.0	Europe & Central Asia	Upper-Middle Income	1989.0	RUS	0.3128223067875001	0.0359795624420128		0.2418626141935304	573.0	4.0	0.20000000300000004
Serbia	76.0	805317314.0	2124611.0	6452463.0	9493991.0	1577781380.0	-529717142.0	9516.0	315989198.0	RS	303.70091277885695						Gross domestic product, current prices	U.S. dollars	Dollars	See notes for:  Gross domestic product, current prices (National currency).	38300000000.0	2016.0	Europe & Central Asia	Upper-Middle Income	1990.0	SRB	0.3613517669007671	0.02355727467571939	0.02355727467571939	0.2420930638549377	1.5572850000000002e-07	5.0	0.150000006
Slovakia	159.0	6168549532.0	415244002.0	56530897.0	92305505.0	1662866348.0	654495632.0	41391.0	2064626354.0	SK	13.613898509724894						Gross domestic product, current prices	U.S. dollars	Dollars	See notes for:  Gross domestic product, current prices (National currency).	89806000000.0	2017.0	Europe & Central Asia	High Income	1980.0	SVK	0.3295190039009558	0.032129273667959125	0.032129273667959125	0.18415477719767592	6154.0	5.0	0.2199999988
Slovenia	63.0	1092639438.0	47613129.0	7335912.0	9743302.0	213469544.0	281702486.0	3849.0	347927929.0	SI	15.407330192476952						Gross domestic product, current prices	U.S. dollars	Dollars	See notes for:  Gross domestic product, current prices (National currency).	44727000000.0	2017.0	Europe & Central Asia	High Income	1990.0	SVN	0.3625433255813954	0.017762720930232557	0.017762720930232557	0.21742848837209305	821.0	5.0	0.17400000119999998
Spain	529.0	78064998675.0	912033193.0	1150375652.0	1013471570.0	56478474337.0	18481757625.0	147905.0	17246023693.0	ES	126.13309042141407						Gross domestic product, current prices	U.S. dollars	Dollars	See notes for:  Gross domestic product, current prices (National currency).	1237766000000.0	2017.0	Europe & Central Asia	High Income	1980.0	ESP	0.3358109266753549	0.0230767902462446	0.0230767902462446	0.2210255221551547	98952.0	5.0	0.276000005
Sweden	408.0	30183873648.0	2191495466.0	2663908333.0	387723150.0	95643966920.0	-16668069186.0	45381.0	5049209665.0	SE	121.55664359471687						Gross domestic product, current prices	U.S. dollars	Dollars	See notes for:  Gross domestic product, current prices (National currency).	514460000000.0001	2017.0	Europe & Central Asia	High Income	1980.0	SWE	0.4415604986426663	0.026431628822210042	0.026431628822210042	0.3445887611027271	584413.0	5.0	0.21999999899999997
Switzerland	469.0	296172949494.0	-6204428138.0	1731895858.0	1734043937.0	547418876685.0	309623427134.0	73146.0	42853576680.0	CH	-27.913867635805634						Gross domestic product, current prices	U.S. dollars	Dollars	See notes for:  Gross domestic product, current prices (National currency).	668748000000.0	2017.0	Europe & Central Asia	Tax haven	1980.0	CHE	0.2845123508860093	0.03257742411189681	0.03257742411189681	0.2174805164698422	199332.0	5.0	0.1790799978
Turkey	285.0	16494317354.0	554917587.0	289151525.0	255744216.0	8000760110.0	-670585429.0	48017.0	3424390496.0	TR	52.10711135742036						Gross domestic product, current prices	U.S. dollars	Dollars	See notes for:  Gross domestic product, current prices (National currency).	863390000000.0	2016.0	Europe & Central Asia	Upper-Middle Income	1980.0	TUR	0.24878386468547	0.017030336322725603	0.017030336322725603	0.17580245449921778	7.0	5.0	0.20000000300000004
Ukraine	131.0	3025045818.0	176375423.0	52332583.0	50020535.0	517028239.0	1867041368.0	23858.0	570006639.0	UA	29.671131107648712						Gross domestic product, current prices	U.S. dollars	Dollars	See notes for:  Gross domestic product, current prices (National currency).	93263000000.0	2017.0	Europe & Central Asia	Lower-Middle Income	1980.0	UKR	0.3203229050728816	0.024605688385876928	0.024605688385876928	0.2581899950384187	1.0	5.0	0.18200000519999998
United Kingdom (England, Northern Ireland, Scotland, and Wales	880.0	520237670155.0	28719536872.0	5372739291.0	6069496500.0	1330521540979.0	352067826452.0	978253.0	197547730842.0	GB	18.707611181008048						Gross domestic product, current prices	U.S. dollars	Dollars	See notes for:  Gross domestic product, current prices (National currency).	2660687000000.0	2017.0	Europe & Central Asia	High Income	1980.0	GBR	0.3311238467430707	0.02815142245185716	0.028469040753697012	0.2675865253728722	259962.0	5.0	0.20600000019999998
Europe, other countries	99.0	14037887725.0	8063306394.0	11526193.0	11686990.0	199489611750.0	120042997932.0	4673.0	329075180.0	Europe_other	0.1429462361566314													High Income									
Foreign controlled domestic corporations (not included above)	14.0	25667807179.0	-6013816411.0	484592154.0	322243591.0	20249693741.0	-8768641655.0	83033.0	6248944808.0	Foreign_controlled	-8.057980504919009													High Income									0.2
										AF							Gross domestic product, current prices	U.S. dollars	Dollars	See notes for:  Gross domestic product, current prices (National currency).	19454000000.0	2016.0	South Asia	Low Income	1980.0	AFG	0.0950665337852476	0.009033125253328398		0.09236803230216907	160600.0	4.0	0.20000000300000004
										AG							Gross domestic product, current prices	U.S. dollars	Dollars	See notes for:  Gross domestic product, current prices (National currency).	1460000000.0	2016.0	Latin America & The Caribbean	High Income	1980.0	ATG	0.1846023241328774	0.017626321201758673	0.017626321201758673	0.1567646958964338	355.0	5.0	0.25
										BZ							Gross domestic product, current prices	U.S. dollars	Dollars	See notes for:  Gross domestic product, current prices (National currency).	1820000000.0	2016.0	Latin America & The Caribbean	Upper-Middle Income	1980.0	BLZ	0.2597165722416107			0.2597165722416107	344.0	3.0	
										BJ							Gross domestic product, current prices	U.S. dollars	Dollars	See notes for:  Gross domestic product, current prices (National currency).	8576000000.000002	2014.0	Sub - Saharan Africa	Low Income	1980.0	BEN	0.15888945378987154	0.014036561374035677	0.014036561374035677	0.15384955458785562	379049.0	5.0	0.194000006
										BT							Gross domestic product, current prices	U.S. dollars	Dollars	See notes for:  Gross domestic product, current prices (National currency).	2127000000.0	2016.0	South Asia	Lower-Middle Income	1980.0	BTN	0.12348049679798175	0.059139999874798885	0.059139999874798885	0.12398076911038355	1000.0	5.0	0.300000012
										BF							Gross domestic product, current prices	U.S. dollars	Dollars	See notes for:  Gross domestic product, current prices (National currency).	11310000000.0	2016.0	Sub - Saharan Africa	Low Income	1980.0	BFA	0.1742455207037	0.02601603549723449	0.02601603549723449	0.1742455207037	448179.0	5.0	0.159999996
										BI							Gross domestic product, current prices	U.S. dollars	Dollars	See notes for:  Gross domestic product, current prices (National currency).	3138000000.0	2015.0	Sub - Saharan Africa	Low Income	1980.0	BDI				0.1260185433895793	85546.0	2.0	0.300000012
										CV							Gross domestic product, current prices	U.S. dollars	Dollars	See notes for:  Gross domestic product, current prices (National currency).	1640000000.0	2016.0	Sub - Saharan Africa	Lower-Middle Income	1980.0	CPV	0.18902691258294005	0.02734347412397053		0.18902691258294005	6291.0	4.0	0.25
										CF							Gross domestic product, current prices	U.S. dollars	Dollars	See notes for:  Gross domestic product, current prices (National currency).	1756000000.0	2012.0	Sub - Saharan Africa	Low Income	1980.0	CAF	0.0965346566831634	0.012261159787811437	0.012261159787811437	0.09455152776849923	168400.0	5.0	
										TD							Gross domestic product, current prices	U.S. dollars	Dollars	See notes for:  Gross domestic product, current prices (National currency).	10091000000.0	2017.0	Sub - Saharan Africa	Low Income	1980.0	TCD	0.06286614315284984			0.06286614315284984	166130.0	3.0	0.375
										KM							Gross domestic product, current prices	U.S. dollars	Dollars	See notes for:  Gross domestic product, current prices (National currency).	615000000.0	2015.0	Sub - Saharan Africa	Lower-Middle Income	1980.0	COM	0.1121613399524878			0.1121613399524878	32068.0	3.0	
										CD							Gross domestic product, current prices	U.S. dollars	Dollars	See notes for:  Gross domestic product, current prices (National currency).	39324000000.0	2016.0	Sub - Saharan Africa	Low Income	1980.0	COD	0.07113400728400875	0.011082089734908096	0.011082089734908096	0.07113400728400875	1.34316669282271e-07	5.0	0.349999994
										DJ							Gross domestic product, current prices	U.S. dollars	Dollars	See notes for:  Gross domestic product, current prices (National currency).	1889000000.0	2013.0	Middle East & North Africa	Lower-Middle Income	1980.0	DJI	0.18872460668098634			0.18872460668098634	53527.0	3.0	0.25
										DM							Gross domestic product, current prices	U.S. dollars	Dollars	See notes for:  Gross domestic product, current prices (National currency).	581000000.0	2015.0	Latin America & The Caribbean	Upper-Middle Income	1980.0	DMA	0.2421299397186872			0.2421299397186872	197.0	3.0	0.25
										ER							Gross domestic product, current prices	U.S. dollars	Dollars	See notes for:  Gross domestic product, current prices (National currency).	5005000000.0	2006.0	Sub - Saharan Africa	Low Income	1990.0	ERI					1521.94	1.0	
										ET							Gross domestic product, current prices	U.S. dollars	Dollars	See notes for:  Gross domestic product, current prices (National currency).	73151000000.0	2017.0	Sub - Saharan Africa	Low Income	1980.0	ETH				0.11633234808984536	15287.0	2.0	0.300000012
										GM							Gross domestic product, current prices	U.S. dollars	Dollars	See notes for:  Gross domestic product, current prices (National currency).	965000000.0	2016.0	Sub - Saharan Africa	Low Income	1980.0	GMB	0.10221838087006628			0.10221838087006628	1087.0	3.0	0.310000002
										GD							Gross domestic product, current prices	U.S. dollars	Dollars	See notes for:  Gross domestic product, current prices (National currency).	1056000000.0	2016.0	Latin America & The Caribbean	Upper-Middle Income	1980.0	GRD	0.19429261275904106	0.017888832182039818		0.19429261275904106	273.0	4.0	0.300000012
										GN							Gross domestic product, current prices	U.S. dollars	Dollars	See notes for:  Gross domestic product, current prices (National currency).	8476000000.000002	2016.0	Sub - Saharan Africa	Low Income	1980.0	GIN	0.13163891560763796			0.13163891560763796	176419.0	3.0	0.349999994
										GW							Gross domestic product, current prices	U.S. dollars	Dollars	See notes for:  Gross domestic product, current prices (National currency).	1165000000.0	2015.0	Sub - Saharan Africa	Low Income	1980.0	GNB	0.10370043457242384			0.10370043457242384	36126.0	3.0	0.14000000099999999
										GY							Gross domestic product, current prices	U.S. dollars	Dollars	See notes for:  Gross domestic product, current prices (National currency).	3504000000.0	2016.0	Latin America & The Caribbean	Upper-Middle Income	1980.0	GUY	0.2285166318972356			0.2285166318972356	1424.0	3.0	
										HT							Gross domestic product, current prices	U.S. dollars	Dollars	See notes for:  Gross domestic product, current prices (National currency).	8178000000.000002	2017.0	Latin America & The Caribbean	Low Income	1980.0	HTI	0.13731527991820652			0.13731527991820652	7727.0	3.0	
										IR							Gross domestic product, current prices	U.S. dollars	Dollars	See notes for:  Gross domestic product, current prices (National currency).	404447000000.0	2017.0	Middle East & North Africa	Upper-Middle Income	1980.0	IRN	0.07974628952996299				6707990.0	2.0	
										KI							Gross domestic product, current prices	U.S. dollars	Dollars	See notes for:  Gross domestic product, current prices (National currency).	182000000.0	2016.0	East Asia & Pacific	Lower-Middle Income	1980.0	KIR	0.14271356783919598	0.02261306532663317		0.14271356783919598	34.0	4.0	
										KG							Gross domestic product, current prices	U.S. dollars	Dollars	See notes for:  Gross domestic product, current prices (National currency).	6551000000.0	2016.0	Europe & Central Asia	Lower-Middle Income	1987.0	KGZ	0.24730110316018064	0.025038644538112942		0.19262699914793507	31.0	4.0	0.10000000099999999
										LA							Gross domestic product, current prices	U.S. dollars	Dollars	See notes for:  Gross domestic product, current prices (National currency).	15916000000.0	2016.0	East Asia & Pacific	Lower-Middle Income	1980.0	LAO	0.1223880809099887	0.01462887835792794	0.01078515655528636	0.1223880809099887	19794.0	5.0	0.239999995
										LS							Gross domestic product, current prices	U.S. dollars	Dollars	See notes for:  Gross domestic product, current prices (National currency).	2442000000.0	2016.0	Sub - Saharan Africa	Lower-Middle Income	1980.0	LSO	0.2816544231472881	0.020996932083649972	0.020996932083649972	0.2816544231472881	365.0	5.0	0.25
										LR							Gross domestic product, current prices	U.S. dollars	Dollars	See notes for:  Gross domestic product, current prices (National currency).	3278000000.0	2016.0	Sub - Saharan Africa	Low Income	2000.0	LBR	0.11723507917174178			0.11723507917174178	874.0	3.0	
										MG							Gross domestic product, current prices	U.S. dollars	Dollars	See notes for:  Gross domestic product, current prices (National currency).	10001000000.0	2015.0	Sub - Saharan Africa	Low Income	1980.0	MDG	0.11450869691099964			0.11450869691099964	170800.0	3.0	0.200000003
										MW							Gross domestic product, current prices	U.S. dollars	Dollars	See notes for:  Gross domestic product, current prices (National currency).	5475000000.0	2011.0	Sub - Saharan Africa	Low Income	1980.0	MWI	0.17501414189035489	0.035571875160237264	0.035571875160237264	0.17501414189035489	1743.0	5.0	0.300000012
										MV							Gross domestic product, current prices	U.S. dollars	Dollars	See notes for:  Gross domestic product, current prices (National currency).	4213000000.0	2016.0	South Asia	Upper-Middle Income	1980.0	MDV	0.1948641596768725	0.04050886684257853	0.04050886684257853	0.1948641596768725	473.0	5.0	0.0
										ML							Gross domestic product, current prices	U.S. dollars	Dollars	See notes for:  Gross domestic product, current prices (National currency).	14039000000.0	2016.0	Sub - Saharan Africa	Low Income	1980.0	MLI	0.15164975259032384			0.15164975259032384	429108.0	3.0	0.300000012
										MH							Gross domestic product, current prices	U.S. dollars	Dollars	See notes for:  Gross domestic product, current prices (National currency).	194000000.0	2017.0	East Asia & Pacific	Upper-Middle Income	1980.0	MHL	0.19615384615384612			0.19615384615384612	26.79	3.0	
										MR							Gross domestic product, current prices	U.S. dollars	Dollars	See notes for:  Gross domestic product, current prices (National currency).	4755000000.0	2014.0	Sub - Saharan Africa	Lower-Middle Income	1980.0	MRT	0.17370335321012007			0.17370335321012007	37211.0	3.0	0.25
										FM							Gross domestic product, current prices	U.S. dollars	Dollars	See notes for:  Gross domestic product, current prices (National currency).	323000000.0	2015.0	East Asia & Pacific	Lower-Middle Income	1980.0	FSM	0.12900302114803627	0.07190332326283988	0.07190332326283988	0.12900302114803627	65.72	5.0	
										MD							Gross domestic product, current prices	U.S. dollars	Dollars	See notes for:  Gross domestic product, current prices (National currency).	6773000000.0	2016.0	Europe & Central Asia	Lower-Middle Income	1989.0	MDA	0.2794500254359044	0.022774358372325738	0.022774358372325738	0.19273036264332155	12.0	5.0	0.11999999700000001
										MN							Gross domestic product, current prices	U.S. dollars	Dollars	See notes for:  Gross domestic product, current prices (National currency).	11053000000.0	2016.0	East Asia & Pacific	Lower-Middle Income	1980.0	MNG	0.20360967586592585	0.02171836542569876		0.160423541538671	9437.0	4.0	0.10000000099999999
										ME							Gross domestic product, current prices	U.S. dollars	Dollars	See notes for:  Gross domestic product, current prices (National currency).	4376000000.0	2016.0	Europe & Central Asia	Upper-Middle Income	1990.0	MNE	0.36090035407182597	0.011380880121396054	0.011380880121396054	0.2561962569549823	1773.77	5.0	0.09000000400000001
										NR							Gross domestic product, current prices	U.S. dollars	Dollars	See notes for:  Gross domestic product, current prices (National currency).	102000000.0	2016.0	East Asia & Pacific	Upper-Middle Income	2004.0	NRU	0.2257142857142857			0.2257142857142857	44.0	3.0	
										NP							Gross domestic product, current prices	U.S. dollars	Dollars	See notes for:  Gross domestic product, current prices (National currency).	21132000000.0	2016.0	South Asia	Low Income	1980.0	NPL	0.20952236119024825	0.04064253857084689	0.04064253857084689	0.20952236119024825	23759.0	5.0	0.20000000300000004
										NE							Gross domestic product, current prices	U.S. dollars	Dollars	See notes for:  Gross domestic product, current prices (National currency).	7531000000.0	2016.0	Sub - Saharan Africa	Low Income	1980.0	NER	0.13115579590558646			0.13115579590558646	530000.0	3.0	0.300000012
										PW							Gross domestic product, current prices	U.S. dollars	Dollars	See notes for:  Gross domestic product, current prices (National currency).	308000000.0	2016.0	East Asia & Pacific	Upper-Middle Income	1980.0	PLW	0.19626758620689652	0.0	0.0	0.19626758620689652	25.0	5.0	0.0
										RW							Gross domestic product, current prices	U.S. dollars	Dollars	See notes for:  Gross domestic product, current prices (National currency).	8475000000.0	2016.0	Sub - Saharan Africa	Low Income	1980.0	RWA	0.15459153042565948	0.02645955245803357	0.02645955245803357	0.15459153042565948	116885.0	5.0	0.300000012
										WS							Gross domestic product, current prices	U.S. dollars	Dollars	See notes for:  Gross domestic product, current prices (National currency).	786000000.0	2017.0	East Asia & Pacific	Lower-Middle Income	1980.0	WSM	0.2425953979934365	0.02265315715893108		0.2425953979934365	114.0	4.0	0.27000001100000004
										SM							Gross domestic product, current prices	U.S. dollars	Dollars	See notes for:  Gross domestic product, current prices (National currency).	1565000000.0	2016.0	Europe & Central Asia	High Income	1980.0	SMR	0.16318071480783725	0.0		0.16318071480783725	101.0	4.0	
										ST							Gross domestic product, current prices	U.S. dollars	Dollars	See notes for:  Gross domestic product, current prices (National currency).	351000000.0	2016.0	Sub - Saharan Africa	Lower-Middle Income	1980.0	STP	0.12095381450604578			0.12095381450604578	2860.0	3.0	
										SC							Gross domestic product, current prices	U.S. dollars	Dollars	See notes for:  Gross domestic product, current prices (National currency).	1429000000.0	2015.0	Sub - Saharan Africa	High Income	1980.0	SYC	0.3167360512175239	0.061536875068370675	0.061536875068370675	0.3167360512175239	942.0	5.0	0.25
										SL							Gross domestic product, current prices	U.S. dollars	Dollars	See notes for:  Gross domestic product, current prices (National currency).	3785000000.0	2016.0	Sub - Saharan Africa	Low Income	1980.0	SLE	0.09902717876211804	0.01252499134509025	0.01252499134509025	0.09902717876211804	1786.0	5.0	0.300000012
										SB							Gross domestic product, current prices	U.S. dollars	Dollars	See notes for:  Gross domestic product, current prices (National currency).	1235000000.0	2016.0	East Asia & Pacific	Lower-Middle Income	1980.0	SLB	0.2755244513541267	0.04911558387332054		0.2755244513541267	147.0	4.0	0.300000012
										SO							Gross domestic product, current prices	U.S. dollars	Dollars	See notes for:  Gross domestic product, current prices (National currency).	6887000000.0	2016.0	Sub - Saharan Africa	Low Income	1980.0	SOM	0.015712682379349047			0.015712682379349047	17372.0	3.0	
										SS							Gross domestic product, current prices	U.S. dollars	Dollars	See notes for:  Gross domestic product, current prices (National currency).	3056000000.0	2016.0	Sub - Saharan Africa	Low Income	2008.0	SSD					32520.0	1.0	
										VC							Gross domestic product, current prices	U.S. dollars	Dollars	See notes for:  Gross domestic product, current prices (National currency).	770000000.0	2016.0	Sub - Saharan Africa	Upper-Middle Income	1980.0	VCT	0.25583490566037737	0.026452830188679246	0.026452830188679246	0.25583490566037737	222.0	5.0	0.324999988
										SD							Gross domestic product, current prices	U.S. dollars	Dollars	See notes for:  Gross domestic product, current prices (National currency).	57649000000.0	2015.0	Sub - Saharan Africa	Lower-Middle Income	1980.0	SDN	0.0547816191186281			0.0547816191186281	5.0	3.0	0.349999994
										SR							Gross domestic product, current prices	U.S. dollars	Dollars	See notes for:  Gross domestic product, current prices (National currency).	3278000000.0	2016.0	Latin America & The Caribbean	Upper-Middle Income	1980.0	SUR	0.15462616415701974			0.15462616415701974	2.0	3.0	0.351000005
										SZ							Gross domestic product, current prices	U.S. dollars	Dollars	See notes for:  Gross domestic product, current prices (National currency).	3848000000.0	2015.0	Sub - Saharan Africa	Lower-Middle Income	1980.0	SWZ	0.23481853474374045	0.026676639242084268	0.026676639242084268	0.23481853474374045	588.0	5.0	0.275000006
										SY							Gross domestic product, current prices	U.S. dollars	Dollars	See notes for:  Gross domestic product, current prices (National currency).		2010.0	Middle East & North Africa	Low Income	1980.0	SYR					51270.0	1.0	0.2319999994
										TJ							Gross domestic product, current prices	U.S. dollars	Dollars	See notes for:  Gross domestic product, current prices (National currency).	6953000000.0	2017.0	Europe & Central Asia	Low Income	1985.0	TJK	0.1978397688769581			0.1978397688769581	0.059726	3.0	0.14000000099999999
										TL							Gross domestic product, current prices	U.S. dollars	Dollars	See notes for:  Gross domestic product, current prices (National currency).	2521000000.0	2016.0	East Asia & Pacific	Lower-Middle Income	1990.0	TLS					209.0	1.0	
										TG							Gross domestic product, current prices	U.S. dollars	Dollars	See notes for:  Gross domestic product, current prices (National currency).	4460000000.0	2015.0	Sub - Saharan Africa	Low Income	1980.0	TGO	0.17386081688689906	0.019805798178472733		0.17386081688689906	312398.0	4.0	0.174999997
										TO							Gross domestic product, current prices	U.S. dollars	Dollars	See notes for:  Gross domestic product, current prices (National currency).	413000000.0	2016.0	East Asia & Pacific	Upper-Middle Income	1980.0	TON	0.2			0.2	65.0	3.0	
										TM							Gross domestic product, current prices	U.S. dollars	Dollars	See notes for:  Gross domestic product, current prices (National currency).	36180000000.0	2017.0	Europe & Central Asia	Upper-Middle Income	1987.0	TKM					0.0025399999999999997	1.0	0.200000003
										TV							Gross domestic product, current prices	U.S. dollars	Dollars	See notes for:  Gross domestic product, current prices (National currency).	37000000.0	2015.0	East Asia & Pacific	Upper-Middle Income	1980.0	TUV	0.1813170731707317	0.05540243902439025	0.05540243902439025	0.1813170731707317	3.77	5.0	
										UZ							Gross domestic product, current prices	U.S. dollars	Dollars	See notes for:  Gross domestic product, current prices (National currency).	66693000000.0	2016.0	Europe & Central Asia	Lower-Middle Income	1987.0	UZB	0.25081174208489715			0.18089448039787576	27.0	3.0	0.075000003
										VU							Gross domestic product, current prices	U.S. dollars	Dollars	See notes for:  Gross domestic product, current prices (National currency).	798000000.0	2015.0	East Asia & Pacific	Lower-Middle Income	1980.0	VUT	0.17153034662282504			0.17153034662282504	8276.0	3.0	0.0
										YE							Gross domestic product, current prices	U.S. dollars	Dollars	See notes for:  Gross domestic product, current prices (National currency).	20901000000.0	2008.0	Middle East & North Africa	Low Income	1989.0	YEM	0.07038772564604465			0.07038772564604465	117907.0	3.0	0.20000000300000004
										CU													Latin America & The Caribbean	Upper-Middle Income	1980.0	CUB	0.3855149840243858	0.055409673509860806	0.055409673509860806	0.3359125381027581	14337.28	5.0	
										AI													Latin America & The Caribbean		1980.0	AIA	0.18596839412758465	0.0	0.0	0.18596839412758465	23.58	5.0	0.0
										MS													Latin America & The Caribbean		2000.0	MSR	0.253921732240102	0.022560594625759642	0.022560594625759642	0.253921732240102	97.08	5.0	
										KV													Europe & Central Asia	Upper-Middle Income	1990.0	KSV	0.23323978796382916	0.011693171188026192		0.23323978796382916	4577.18	4.0	
										PS													Middle East & North Africa	Lower-Middle Income	1994.0	WBG	0.05594661474510559	0.002351045698669414		0.05594661474510559	8558.33	4.0	0.150000006
